senderEmail,receiverEmail,date,subject,body,category,assignedTo,hasAttachments
johnanderson@hotmail.com,mary18@yahoo.com,2025-01-14 22:00:56,Together majority month.,International fine your according culture good. Foreign own exactly bring keep goal method. Performance necessary gas product nice response like.,Spam,Alex Brown,True
nellis@yang.biz,jennifer15@hotmail.com,2025-01-14 10:29:12,Plan near scene quickly seat.,"Method test share. Discuss give realize left. Price actually major involve color order may.
Despite ball brother mind thing perhaps.",Updates,John Doe,True
wardmark@gmail.com,wheelernicole@brown.info,2025-01-21 16:47:46,Stuff whether series thus medical.,Fight agree close organization. Set risk boy officer model example. Her nor thousand challenge population spring ten attorney.,Spam,Mohammed ElSayed,False
castillorobin@gmail.com,pottslisa@hanna.info,2025-01-15 16:54:54,Become impact leave too yeah president instead.,"Give ten stock play choose left upon. Before yard hold rate food degree not adult.
Movie instead happy stage stock trouble take. Line Mrs professor particularly.",Spam,Alex Brown,False
youngjohn@taylor.biz,hector18@yahoo.com,2025-01-17 21:37:23,Wear beautiful happy early attorney federal.,"You treat word decade.
Individual really live nearly product job machine court. Hotel suddenly beautiful bar interesting.",Work,Mohammed ElSayed,False
edwardsbrian@monroe.com,warddana@yahoo.com,2025-01-22 21:17:57,Yes popular above list green morning.,Inside culture last age. Mention center recently. Land magazine last involve something food. In sometimes such hundred industry.,Updates,John Doe,True
harrislynn@hotmail.com,antonio01@leach.info,2025-01-11 14:26:34,Shake exactly financial be can.,"Wait lead pressure. Daughter campaign quite person. Either way human bill send Mr.
Name police blue environment. Return build lose play way.",Work,Jane Smith,True
lcalderon@gmail.com,vrosales@hernandez.info,2025-01-11 22:21:45,Front should purpose speak.,Deep pretty Republican movie particular sea. Parent available nation rule collection minute even.,Work,,True
kaylagarcia@wilson-perkins.net,briannavarro@sosa-king.net,2025-01-19 16:28:25,Garden appear possible vote military tend.,"At question everyone that and defense hospital. Method special suddenly grow. Democratic only hundred through.
Down idea worker.",Spam,Alex Brown,False
deborah37@gonzalez-williams.com,jeremy03@hotmail.com,2025-01-21 00:04:31,Something machine people beautiful money.,"Sister record chair clearly. Suffer until it modern environmental size. Whole term thought.
Picture box amount purpose explain agency. Reveal pressure foreign partner place indicate.",Spam,Alex Brown,False
brendamonroe@bradley-oneill.com,owallace@smith.org,2025-01-22 19:32:47,Whole particularly bed mission area.,Follow church consider prevent usually international. Fill on not. Discover perhaps good guy large audience. Painting pretty for leg movie decade.,Spam,Jane Smith,False
farmersean@alvarado.com,thomas59@yahoo.com,2025-01-18 15:41:11,Probably action trip will north.,Despite major pull. Chair arm number idea performance. During around quickly expect age one.,Work,Alex Brown,True
drodriguez@miles.com,keith16@figueroa.biz,2025-01-02 13:15:49,Test card improve certainly.,"Art fly possible move. Ok owner century development increase. Soldier participant figure up today. See have alone what collection.
Stage member run discover. Door difficult teach town understand.",Personal,Mohammed ElSayed,False
doylejulia@porter.com,dnicholson@yahoo.com,2025-01-15 15:40:55,Speech story structure draw end.,"Rate at company should. Position people soldier management hit knowledge.
Quite election forget. Scene respond per catch say so.",Work,Jane Smith,False
blake42@gmail.com,vhoward@morales.com,2025-01-22 21:45:32,Full list audience good prepare institution general.,"Rich least difference bed close. Design serious sit three within.
Think involve that debate expert cover.
Apply example game per decade professor. Town action either need.",Work,John Doe,False
jsmith@gmail.com,jamesjacobs@robertson-hughes.org,2025-01-07 01:45:40,Design the Mrs.,"Conference talk order green crime. Tax election hundred reality ok him charge. It owner trouble PM across standard phone.
Evening create adult. Service shoulder tonight industry all deal many.",Promotions,Jane Smith,True
erik94@lin.com,ygraves@nash.com,2025-01-03 17:17:46,Within family voice sort several figure require factor.,"Management voice determine song others gas able. Determine to its indeed line night. Return feeling apply.
Serious citizen per the. Authority southern thought heavy enjoy.
Able lose foreign region.",Personal,John Doe,True
jamessanchez@morgan-bennett.org,zhicks@yahoo.com,2025-01-22 10:19:45,American already meet occur fill.,Challenge house blue subject management. Still modern participant Congress fast. Them measure mind letter inside shake author. Open tell last.,Updates,Jane Smith,False
pbrown@pacheco.com,nicholsshawn@yahoo.com,2025-01-22 04:27:48,Argue still discuss reduce area deal loss market.,"Down political agreement official. Should meet fight wife need send.
Piece outside become near. Use expert draw lay. Service tonight admit you you. Answer side bill give.",Promotions,Mohammed ElSayed,False
jmorris@gmail.com,nicholas44@yahoo.com,2025-01-01 04:57:43,Just describe quite ago begin standard.,Enjoy particularly next trial detail them beyond. Training seek attack not recent model whole financial. When catch toward you game top most.,Promotions,Alex Brown,False
bakeroscar@mclean.net,meganwinters@hotmail.com,2025-01-14 04:06:34,Ability know finally policy place represent him.,"Science federal change front property indicate. Situation always put conference. Charge guy he for girl modern listen allow.
Light teach despite street must four.",Personal,Mohammed ElSayed,True
karen06@yahoo.com,thomas22@gmail.com,2025-01-09 10:05:05,Year establish like.,"Every on what fast sit real. He agent suffer this car join.
High power morning central few part company. Measure third most me issue.",Spam,Mohammed ElSayed,False
jasmine95@moody-richardson.com,kylecarpenter@price.com,2025-01-01 06:40:00,Read message recognize wall protect.,"Result personal let choice. Huge street moment machine push three TV difference. Professor admit realize.
Language across write project rest. Ten vote plan thing degree.",Updates,Mohammed ElSayed,False
brownrebecca@smith.com,aschneider@hudson-scott.org,2025-01-16 23:56:19,Mrs the address join guy lead benefit.,"Agree administration clear very small nor majority. Term skin move sister. Along my four soldier there accept.
Those plant surface above western bit company. Often give yet ask accept right school.",Work,John Doe,False
sarahabbott@gmail.com,jmiller@hotmail.com,2025-01-01 06:22:21,Respond significant window last.,"Require hundred future half beat for. Among ago cause so worker. Democrat floor difference laugh.
Effect sit lose many western measure share. Leader young knowledge national. West now billion nation.",Promotions,,False
margaret89@gmail.com,kenneth74@gmail.com,2025-01-18 02:29:34,Career require over major manage.,"After evening pressure police. Around mind age often whose glass success.
The spend seek myself have north decide. Possible key gun also across such.",Spam,John Doe,True
samuel68@yahoo.com,iadams@lopez.com,2025-01-08 20:54:40,Statement moment often with story whom.,"Training window space listen. Difficult dinner later technology.
Along down together live. Brother ago out various particularly moment pass. This top heart candidate manager like network.",Personal,Alex Brown,False
cbryan@gmail.com,elizabethglenn@yahoo.com,2025-01-18 22:55:50,Color behind share when those.,"Fly road party from pay son with. Could thank inside finish.
Current own whose letter. Discuss think cost amount. Military company me news us.",Updates,,True
ahartman@carpenter.com,lucaslamb@yahoo.com,2025-01-10 20:58:44,Card social either compare before.,Police media decade like we never. Whom party pass become clearly south trade.,Promotions,Alex Brown,False
johnanderson@woods.org,cynthia64@yahoo.com,2025-01-01 13:53:54,Off final both improve public coach fill which.,Others now pick ten. Hot impact meeting career herself his. Right continue early picture short. Matter those officer.,Work,Jane Smith,False
stephanie49@gmail.com,allisonstein@beck.biz,2025-01-19 11:59:36,Join prove finish know television standard.,"Foreign stock performance school.
Share body with late really. Option approach challenge sell house kitchen job. Itself quality decade officer.",Spam,Alex Brown,False
okidd@bennett.org,rileybrandon@taylor.biz,2025-01-10 19:31:01,A activity bit.,Pull ahead company trip fact investment face. Important story painting race even.,Work,John Doe,False
vgarcia@salazar.com,groach@bell.com,2025-01-20 11:07:37,Practice news operation.,"Occur friend happy common road.
Decision see serious bank value mention. Quality fund free seek.
Environmental claim agent unit number at. Whose inside lay bit former.",Work,,False
cortezkelsey@phelps.biz,hendersonrachel@gmail.com,2025-01-21 11:21:25,Into education financial painting dream.,"Yet like article item itself. Opportunity purpose hospital board rather old leader.
Machine us performance into.
Song your less store. Seven fly yes special her early rich clearly.",Personal,Jane Smith,True
sherrera@parrish.com,robertsrobert@bowman.biz,2025-01-17 01:18:57,Join capital audience trial police product view.,"Perform evidence mission night main anything information. Tend campaign pay way executive. Second important vote raise.
Entire trouble seat rich with include field let.",Work,Alex Brown,False
mitchellcindy@rivas.com,pughmaria@campos.org,2025-01-01 17:16:21,Area same theory reach.,"Again it challenge. Outside push ball four pressure serve. Close PM guess voice education.
Enjoy listen as research.",Spam,,True
mckinneysarah@roberts-willis.org,qadams@thomas-pitts.com,2025-01-07 11:37:02,Herself side style garden generation mean reason now.,"Specific present they expert trade. Student structure customer move.
For so let pretty. Happen boy southern figure summer according leg main.",Work,John Doe,False
gonzalesjeremy@brown.com,nmcconnell@yahoo.com,2025-01-08 07:19:12,Somebody certainly teacher interesting road boy even.,"Explain director boy box bag glass race. Source individual population.
Thousand always compare whom. Free author address fine baby technology card.",Updates,Mohammed ElSayed,True
josephbrown@weaver.com,evan91@gmail.com,2025-01-11 12:33:55,Often water something member.,"Buy discuss nor face ball music campaign. Together any tough myself community plant wall ready. Forward morning develop star allow.
Crime win put south. Attorney remember bank cultural consider.",Updates,Mohammed ElSayed,True
friedmanjeffrey@wagner.com,nelsonpamela@johnson.com,2025-01-16 13:35:40,Card stand style can wide top kitchen.,"Discuss model religious score. Minute memory ago movement offer what cost.
Major final source drop inside across more. Crime single development.",Personal,,False
fbates@gmail.com,jessicacraig@king-bailey.org,2025-01-20 05:50:28,Popular think clearly city board big check.,"Eye nature audience article. Without difference range as gun many paper.
Trouble style both. Big school every possible. Result less own word soldier.",Spam,,True
floresderrick@harrington.com,justinwhite@adams.com,2025-01-14 13:06:03,Task I live ground site mother.,"Respond though answer dinner run a staff.
Sometimes administration another side light effort fall. Garden respond seven sing. Truth back describe indeed type him.",Updates,Alex Brown,False
carrie83@hart.info,shafferdeborah@yahoo.com,2025-01-13 00:28:58,Mouth usually benefit you will allow.,"Look him agree me. Both movie once surface best quite environmental. Arrive show throughout address skin amount. Scene recognize black fear.
Professor economic allow. Major tend southern approach.",Updates,Jane Smith,True
mindyshelton@hansen-baker.com,ebutler@ward.com,2025-01-13 10:36:24,Within firm finally high approach month throughout.,"Experience huge section cup stage charge. Serious weight image face raise talk special.
Morning word relationship scientist table movement. Explain forget while write.",Updates,Mohammed ElSayed,False
tanya94@hotmail.com,beckmatthew@rogers-kennedy.com,2025-01-02 04:03:04,Difference hand peace job may throughout animal.,"And know drug population analysis mouth easy. Give general important PM.
Detail smile fund billion east agree. Avoid it without heart. Glass else address college.",Personal,Alex Brown,True
whiteseth@yahoo.com,jennifer61@clark.biz,2025-01-06 18:10:53,Military artist sign sense draw develop civil continue.,"Particularly rise amount your medical consumer summer. Pull ball attack only.
Know call reveal according level. Heart suffer stuff section speak prepare easy.",Promotions,Mohammed ElSayed,True
driley@yahoo.com,harrismichaela@quinn-matthews.net,2025-01-11 16:41:53,Wrong treat your under shake piece enter high.,"Suffer black only book bill or yard. Medical thousand surface.
These particular stuff even society.",Spam,Jane Smith,False
bernardapril@hotmail.com,ywheeler@holmes-bell.biz,2025-01-03 07:37:09,Enough teach compare treat general.,See oil product reflect push when his. Low maintain poor provide concern. Human course reflect cut evidence send. Recognize old pay.,Promotions,Jane Smith,False
davisdeborah@yahoo.com,hurleyandrew@meyer.net,2025-01-03 02:50:49,Full use decide thing debate claim.,"Social risk test hotel. But reason listen pick cover hot. Range glass treatment white suddenly.
Behavior six region but.",Personal,Jane Smith,False
nmartinez@anderson.biz,brentleon@williams-brooks.com,2025-01-18 20:22:48,Property eye second.,"Site staff establish common statement enter. Ever such culture against but hot. Fine cut effect care plant sense.
Body improve safe sure call entire. Black those question few night north air.",Updates,,True
christopher38@burns.info,phillip98@gmail.com,2025-01-12 20:09:43,Woman work city sure charge.,"Affect recently fast our response.
Throw music brother big positive. I turn less herself yard.
Mr meeting floor both yourself cover that involve. Name audience travel. Federal time draw.",Spam,,False
sandovalkathleen@hotmail.com,morataylor@hotmail.com,2025-01-10 02:34:19,Others serve continue event member.,Choice offer perform institution story free best. Offer just pick still. Music test every account top inside my.,Personal,Jane Smith,False
duncanpeter@valentine.org,waynemcguire@dudley-jones.com,2025-01-23 01:50:32,Those pay exist near street task.,"Impact story do employee however sure education.
Son meeting whatever consumer whole order. Choose provide will charge test win do.",Spam,Alex Brown,False
hannamichael@gmail.com,ystewart@washington-dean.biz,2025-01-06 18:31:38,Leader choose player so gun able.,Area born the notice. Work always activity recently cover age.,Work,,False
ronald61@gmail.com,robert34@reed.com,2025-01-21 05:09:36,Property local like say somebody east.,My past positive state worry. Minute whether task vote already positive. Strong kid energy place call. Growth chair current each federal pass threat.,Spam,,False
huangmarco@hotmail.com,scottkristina@hotmail.com,2025-01-02 14:33:46,From maybe evidence in street everything hundred.,"Box walk chance plant. Stay time within reduce themselves.
Occur experience view that next respond book. Determine nice who floor.",Promotions,,True
patrick62@gallagher-fernandez.com,kgarcia@sullivan.com,2025-01-12 12:11:42,Try education skill church long.,Live life accept moment. Itself later follow degree. Away operation energy clear different.,Spam,Mohammed ElSayed,False
elizabethroman@yahoo.com,davismelissa@diaz.com,2025-01-02 22:52:40,Ago girl final especially culture.,"Card usually admit spend president whole. Enough painting every just coach vote. Song industry serious air believe admit.
Career policy upon and reveal detail.",Work,John Doe,False
ibrown@gmail.com,alijessica@yahoo.com,2025-01-14 07:54:07,Lawyer necessary son not staff finish.,"While yeah bar game. Point seat family stuff far.
Ok who black. Again according challenge still.
Glass manager relationship color direction from responsibility whole.",Promotions,John Doe,True
mking@barton-chambers.com,kaylagreen@yahoo.com,2025-01-13 11:06:24,Lose feel human for matter carry.,Nice various laugh appear. Gun administration civil space enter close hard.,Spam,Jane Smith,False
qcarter@alexander.com,meghan98@clark-hill.com,2025-01-06 00:04:43,Region cell piece last operation general discuss.,Soon several water leave medical. Doctor admit physical blood lose body bad. Official case environmental probably.,Spam,,False
melissa27@martin-davis.com,thompsonnatalie@morris.info,2025-01-02 16:53:04,Seven focus main.,"Black site listen have style hotel lose. State maybe his eye too environmental difference.
Write arm meeting speak eye forget beat.",Work,Mohammed ElSayed,False
tara40@roberts.com,wilsonjessica@owens.info,2025-01-20 12:07:07,Ok course name town worker.,Soon conference last protect will current military. Party forget left model value. Agent environment sea believe treat receive.,Work,Alex Brown,True
john28@yahoo.com,usteele@hotmail.com,2025-01-16 10:18:00,Among want start Republican important hit month.,With candidate form sell change. Data wear run song least her. Forward three well teach. Reason take fish technology nation step degree.,Updates,Alex Brown,True
fhunt@williams.com,emma61@wilcox-wright.org,2025-01-13 13:52:32,Doctor involve add return.,"Better prove hand forward thought majority. Read ahead and discussion yet.
Draw everything situation a. Her spend far bank court. Yet serious type magazine.",Work,,False
estesmatthew@gay-edwards.biz,greerbenjamin@huang.com,2025-01-21 06:11:18,Capital only guess close sure.,"Behavior raise less west.
Case various where station. Hotel pass report Congress. Lose somebody idea apply reach off.
People statement citizen produce force. Such bit hit many.",Spam,Mohammed ElSayed,True
cperry@hotmail.com,plambert@sanders.com,2025-01-17 01:56:30,Season vote institution keep ask benefit former.,"Six exist recent doctor read. Require blue be offer Mr sit program yet. Investment sure relate situation third cup financial.
Hour political probably. Middle improve remain necessary quality sense.",Updates,Alex Brown,False
shariblankenship@hansen.com,xhoward@yahoo.com,2025-01-23 16:45:18,Late weight room but let.,Sing animal ground public get important. Always itself seem former sound better agent sea. Hair almost bed win bill among which people. Than gun indeed fill fire.,Updates,Mohammed ElSayed,True
bonillajohn@wright-hall.com,leonardbarnes@yahoo.com,2025-01-17 00:54:39,Tend carry south may always first play.,"Ahead same try.
Those address former husband must statement reason week. Bit true bill live positive see ball family. Believe water somebody difference.",Personal,Alex Brown,False
mariaallen@gmail.com,zimmermanmartin@gmail.com,2025-01-23 04:23:25,Part exist case center.,"Plan look hundred answer attack. Give fine economic effort wonder amount. Also eye information nor somebody sound.
Both certainly summer. Meet boy lead. Result long perhaps thought American tonight.",Spam,Alex Brown,True
weaveralec@juarez-roman.com,oscar99@yahoo.com,2025-01-22 15:58:54,Test both guy high exist anyone main voice.,Daughter trouble least close possible shake. More director four good that create north. Name character employee more true produce.,Work,Jane Smith,False
osbornemary@mathis.com,martinezjacob@gmail.com,2025-01-04 03:40:20,Realize court matter picture.,Money president page lot company. Rather model your hand buy traditional left. Many control scientist lawyer time line fast staff.,Updates,John Doe,False
msanchez@hotmail.com,robertharris@yahoo.com,2025-01-22 22:37:33,Her road specific could also help allow however.,Analysis happy civil economy source season manager. Them public task manage spend window fine. Direction staff security audience open beyond. The it number her.,Work,,True
bradleycurry@jones.com,dean33@yahoo.com,2025-01-15 10:04:53,Doctor skill anyone town card chance free.,"Near away sell yeah environmental not. Pretty check issue hard.
Finish tax side specific different mission hold year. Style each resource agreement will song eight. History hand industry.",Personal,Alex Brown,False
joannaklein@gmail.com,fletchertony@hotmail.com,2025-01-06 14:44:32,Appear camera pull quality.,Term address process indicate black a natural leg. Different although tough management might easy. Music pass direction contain attention.,Personal,Alex Brown,False
lwilson@yahoo.com,breyes@hernandez.org,2025-01-16 13:11:09,Remain man process.,"Child agency thus feeling card difficult seek.
Again degree traditional air near. Baby agent seem can professional describe already expert.",Personal,Mohammed ElSayed,False
michael39@gmail.com,daniellemoreno@yahoo.com,2025-01-05 13:02:47,Ever paper mind.,"Management must financial accept marriage more. Check contain author yet check.
Develop science he dinner pretty popular forget. Prevent apply money way probably.",Promotions,Alex Brown,True
brownhannah@hotmail.com,james96@yahoo.com,2025-01-01 05:05:40,Meeting read stop forget.,"The for from man measure group. Open east dark term group reflect.
Image though while help recognize song our. Down age large focus.",Spam,Alex Brown,False
aimee60@gmail.com,wesley11@fox.com,2025-01-11 23:06:00,Camera herself improve arm baby against.,"Bit significant show throughout scene phone. Social ready adult deal yet.
Senior how reach price recently. Agency society year into standard. Democratic white detail data.",Work,Mohammed ElSayed,False
bensonnoah@case-king.biz,mgonzalez@yahoo.com,2025-01-06 16:18:21,Down call without while whose know fight value.,"Perhaps authority apply leader avoid century. Yourself community especially despite read.
Once idea through even include seat. Off bar person want.",Promotions,Jane Smith,False
conniehernandez@hotmail.com,karen88@gmail.com,2025-01-02 12:25:05,Effect dinner serious cover network loss break.,Model eight success PM expert ball summer game. Imagine west camera Democrat ask house miss. History quality recent drop interview develop mouth final.,Updates,John Doe,False
greeneemma@gmail.com,florestheresa@thompson.com,2025-01-04 13:08:48,Ability mother office statement.,"Attack attorney wind or off. Would artist decide.
Remain still debate its. Sport opportunity nor never international ready.",Promotions,Jane Smith,False
keithlane@bishop.com,yparker@hotmail.com,2025-01-21 05:34:11,His sell majority item writer.,"Support inside require have huge.
Little product because. Up break decision course method prevent. Region play them.",Work,Jane Smith,True
haleyburke@hotmail.com,rileyfernandez@hotmail.com,2025-01-21 04:50:55,In meet matter forget few hundred decade.,"Democratic executive listen themselves should gun. Mention pay pick information reason company.
Main determine against. Learn throw detail speech try. Our always participant beyond soon kind.",Spam,John Doe,False
martinezkelly@gmail.com,nreyes@hotmail.com,2025-01-19 10:49:29,Tax ask recently position.,"Finish leave white political sport.
Hand traditional social go half or about. Clear wish list call loss. Whole on power understand north senior debate. Surface star total task.",Updates,John Doe,True
nealgregory@munoz.org,james15@johnson.org,2025-01-20 17:50:22,Ago pull successful.,Certainly local begin window case fine wrong. Would who take chance thus project. Morning begin more although last.,Updates,John Doe,True
jessicanewton@gmail.com,zlarsen@thomas.org,2025-01-10 11:02:53,Poor green out performance big pattern.,"Among over both between its conference from.
Camera table follow professor. Important weight agency ever plan. Course production south consumer.",Work,Alex Brown,False
chelsea42@gmail.com,iwhite@hotmail.com,2025-01-13 15:13:38,Herself whatever effort from activity ball.,"Worker author dog. Collection group statement month campaign. Cause positive us response structure side.
Result lawyer class film degree dark. Term treatment others. Sign out instead later.",Personal,Jane Smith,False
penny67@mills-martin.com,erinibarra@gmail.com,2025-01-06 22:04:49,Lead concern moment land five each.,"He customer road listen. Claim generation participant need. Surface coach force especially research. Now to during head home same.
Difficult policy poor their.",Updates,,False
courtneyedwards@tate-miranda.com,ibaker@gmail.com,2025-01-04 12:35:46,Manage international store idea good.,"Skill weight feeling party. Music nature purpose as writer order require. Local parent cost rock at agree.
Hundred size matter candidate run actually. Police south color stock.",Work,Alex Brown,True
carmstrong@gmail.com,anthony08@gmail.com,2025-01-04 20:57:43,Industry condition morning economy color idea quite.,Democratic himself me herself crime suggest thought. Serious speech later Mrs PM either air. Including avoid read major know street.,Updates,,True
julie54@smith.info,swright@davis.com,2025-01-22 20:20:08,Before relationship factor detail range.,Organization opportunity week both person bed office. Listen expect wind. Owner office person participant ago recently year. Learn stay family necessary fight.,Promotions,Jane Smith,True
ashleyjones@ellison.biz,johnmartinez@hotmail.com,2025-01-03 09:34:45,Product send happen do.,"Explain deep prove theory. Only eat campaign race sport economy. Room must never these responsibility special.
Letter official economy significant position worry occur. Enjoy expect our special.",Promotions,Alex Brown,False
shawn98@gmail.com,armstrongdonald@gmail.com,2025-01-04 04:19:23,Main listen property up save from.,"Very little benefit green central nor or. Author can medical experience fact. Could foot must east. Deal sister small side today carry.
Why detail budget perhaps many.",Personal,John Doe,False
odennis@hotmail.com,williamevans@gmail.com,2025-01-09 14:17:20,Almost full involve sign support.,Still fast on different produce office part. I language ten deep pattern prove do. Bag surface front oil.,Spam,Mohammed ElSayed,True
raven51@davis.biz,paullambert@gmail.com,2025-01-05 11:20:14,Soon business on bar.,"Perform your type. Relate would government case. Support painting trial. Body board prepare near time fly phone.
Establish political trip seek effort performance. Thus bag though play garden.",Promotions,,False
allencrystal@hotmail.com,caguirre@allen.com,2025-01-20 10:23:35,Run thus approach finish blood.,"Avoid available fast. Talk toward art. Opportunity but inside challenge maintain.
Appear level learn ahead degree go use. Enter pattern strategy.",Promotions,Alex Brown,True
parkerjames@gaines-herrera.com,sanchezrobert@gmail.com,2025-01-07 07:38:51,Official quality class especially heart.,Program reach need. No interview certain attack. Environmental finally week yet worry.,Work,Jane Smith,True
steelemarcus@gmail.com,wallacetiffany@hotmail.com,2025-01-22 11:22:47,Five thank inside suddenly hand dog.,"Section bar view discuss list. Other act push book bit.
Control college show recent tree. Per face world back audience politics affect factor. Meet power church already here senior mother down.",Personal,Jane Smith,True
dalejohnson@gmail.com,charlessmith@hotmail.com,2025-01-20 05:26:19,Can industry poor far.,"Front maintain idea time out minute author. Figure speech experience right between yeah drive take. Education everyone expect hear item candidate.
Art within difficult product.",Promotions,,False
